{"is_source_file": false, "format": "", "description": "", "external_files": [], "external_methods": [], "published": [], "classes": [], "methods": [], "calls": [], "search-terms": [], "state": 2, "file_id": 11, "knowledge_revision": 27, "git_revision": "465e2750e5d1dc4d54f78d24243f2b45c38fee38", "hash": "f386239193ecdc8ae652ee31cc753c59", "format-version": 4, "code-base-name": "frontend_tic_tac_toe", "filename": "frontend_tic_tac_toe/src/App.css", "revision_history": [{"27": "465e2750e5d1dc4d54f78d24243f2b45c38fee38"}]}