{"is_source_file": true, "format": "JavaScript (React)", "description": "This file serves as the entry point for a React application, responsible for rendering the main App component into the DOM.", "external_files": ["./App", "./index.css"], "external_methods": ["ReactDOM.createRoot"], "published": [], "classes": [], "methods": ["ReactDOM.createRoot"], "calls": ["ReactDOM.createRoot", "root.render"], "search-terms": ["React", "ReactDOM", "entry point", "rendering", "main component"], "state": 2, "file_id": 8, "knowledge_revision": 24, "git_revision": "465e2750e5d1dc4d54f78d24243f2b45c38fee38", "ctags": [{"_type": "tag", "name": "root", "path": "/home/kavia/workspace/code-generation/tic-tac-toe-classic-52826-52835/frontend_tic_tac_toe/src/index.js", "pattern": "/^const root = ReactDOM.createRoot(document.getElementById('root'));$/", "language": "JavaScript", "kind": "constant"}], "hash": "9fc5841375336fc175b49f8767a11383", "format-version": 4, "code-base-name": "frontend_tic_tac_toe", "filename": "frontend_tic_tac_toe/src/index.js", "revision_history": [{"24": "465e2750e5d1dc4d54f78d24243f2b45c38fee38"}]}