{"is_source_file": false, "format": "", "description": "", "external_files": [], "external_methods": [], "published": [], "classes": [], "methods": [], "calls": [], "search-terms": [], "state": 2, "file_id": 3, "knowledge_revision": 16, "git_revision": "465e2750e5d1dc4d54f78d24243f2b45c38fee38", "hash": "d9d975cebe2ec20b6c652e1e4c12ccf0", "format-version": 4, "code-base-name": "frontend_tic_tac_toe", "filename": "frontend_tic_tac_toe/public/manifest.json", "revision_history": [{"16": "465e2750e5d1dc4d54f78d24243f2b45c38fee38"}]}