{"is_source_file": false, "format": "", "description": "", "external_files": [], "external_methods": [], "published": [], "classes": [], "methods": [], "calls": [], "search-terms": [], "state": 2, "file_id": 6, "knowledge_revision": 17, "git_revision": "465e2750e5d1dc4d54f78d24243f2b45c38fee38", "hash": "be6538e7523bc2e9da0743133d784136", "format-version": 4, "code-base-name": "frontend_tic_tac_toe", "filename": "frontend_tic_tac_toe/eslint.config.mjs", "revision_history": [{"17": "465e2750e5d1dc4d54f78d24243f2b45c38fee38"}]}