{"is_source_file": false, "format": "", "description": "", "external_files": [], "external_methods": [], "published": [], "classes": [], "methods": [], "calls": [], "search-terms": [], "state": 2, "file_id": 4, "knowledge_revision": 19, "git_revision": "465e2750e5d1dc4d54f78d24243f2b45c38fee38", "hash": "d2b40d02d5f7873d8a6713bad837edd4", "format-version": 4, "code-base-name": "frontend_tic_tac_toe", "filename": "frontend_tic_tac_toe/public/index.html", "revision_history": [{"19": "465e2750e5d1dc4d54f78d24243f2b45c38fee38"}]}