{"is_source_file": true, "format": "JavaScript", "description": "This file sets up testing configurations for the frontend application, importing custom jest matchers from '@testing-library/jest-dom' to enhance DOM assertions in tests.", "external_files": ["@testing-library/jest-dom"], "external_methods": [], "published": [], "classes": [], "methods": [], "calls": ["import '@testing-library/jest-dom'"], "search-terms": ["setupTests.js", "jest-dom", "testing-library", "test setup", "jest matchers", "frontend", "React testing"], "state": 2, "file_id": 7, "knowledge_revision": 23, "git_revision": "465e2750e5d1dc4d54f78d24243f2b45c38fee38", "ctags": [], "hash": "1a77571e1a8cf36018a41bcedf60db75", "format-version": 4, "code-base-name": "frontend_tic_tac_toe", "filename": "frontend_tic_tac_toe/src/setupTests.js", "revision_history": [{"23": "465e2750e5d1dc4d54f78d24243f2b45c38fee38"}]}