{"is_source_file": false, "format": "", "description": "", "external_files": [], "external_methods": [], "published": [], "classes": [], "methods": [], "calls": [], "search-terms": [], "state": 2, "file_id": 9, "knowledge_revision": 28, "git_revision": "465e2750e5d1dc4d54f78d24243f2b45c38fee38", "hash": "d07009f41d045b4fd7fa39263dd09208", "format-version": 4, "code-base-name": "frontend_tic_tac_toe", "filename": "frontend_tic_tac_toe/src/index.css", "revision_history": [{"28": "465e2750e5d1dc4d54f78d24243f2b45c38fee38"}]}