{"is_source_file": true, "format": "JavaScript (React JSX)", "description": "Source code for the App component implementing a Tic Tac Toe game using React, including game logic, state management, and UI rendering.", "external_files": ["./App.css"], "external_methods": [], "published": ["App"], "classes": [], "methods": [{"name": "calculateWinner(squares)", "description": "Calculates the winner on the current game board based on predefined winning line combinations.", "scope": "", "scopeKind": ""}, {"name": "isBoardFull(squares)", "description": "Checks if all squares in the game board are filled.", "scope": "", "scopeKind": ""}, {"name": "restartGame({ keepScores = true } = {})", "description": "Resets the game state to start a new game, optionally resetting scores.", "scope": "App", "scopeKind": "function"}, {"name": "handleSquareClick(index)", "description": "Handles user interactions with the game board squares, updating the game state accordingly.", "scope": "App", "scopeKind": "function"}, {"name": "handleSquareClickWithScore(index)", "description": "Enhanced click handler that updates scores when game concludes.", "scope": "App", "scopeKind": "function"}, {"name": "App()", "scope": "", "scopeKind": "", "description": "unavailable"}], "calls": ["calculateWinner", "isBoardFull", "setSquares", "setXIsNext", "setScores"], "search-terms": ["Tic Tac Toe React", "calculateWinner", "scores", "App component", "game logic", "useState", "useMemo", "board rendering"], "state": 2, "file_id": 12, "knowledge_revision": 26, "git_revision": "465e2750e5d1dc4d54f78d24243f2b45c38fee38", "revision_history": [{"25": "465e2750e5d1dc4d54f78d24243f2b45c38fee38"}, {"26": "465e2750e5d1dc4d54f78d24243f2b45c38fee38"}], "ctags": [{"_type": "tag", "name": "App", "path": "/home/kavia/workspace/code-generation/tic-tac-toe-classic-52826-52835/frontend_tic_tac_toe/src/App.js", "pattern": "/^function App() {$/", "language": "JavaScript", "kind": "function", "signature": "()"}, {"_type": "tag", "name": "WIN_LINES", "path": "/home/kavia/workspace/code-generation/tic-tac-toe-classic-52826-52835/frontend_tic_tac_toe/src/App.js", "pattern": "/^const WIN_LINES = [$/", "language": "JavaScript", "kind": "constant"}, {"_type": "tag", "name": "calculateWinner", "path": "/home/kavia/workspace/code-generation/tic-tac-toe-classic-52826-52835/frontend_tic_tac_toe/src/App.js", "pattern": "/^function calculateWinner(squares) {$/", "language": "JavaScript", "kind": "function", "signature": "(squares)"}, {"_type": "tag", "name": "handleSquareClick", "path": "/home/kavia/workspace/code-generation/tic-tac-toe-classic-52826-52835/frontend_tic_tac_toe/src/App.js", "pattern": "/^  function handleSquareClick(index) {$/", "language": "JavaScript", "kind": "function", "signature": "(index)", "scope": "App", "scopeKind": "function"}, {"_type": "tag", "name": "handleSquareClickWithScore", "path": "/home/kavia/workspace/code-generation/tic-tac-toe-classic-52826-52835/frontend_tic_tac_toe/src/App.js", "pattern": "/^  function handleSquareClickWithScore(index) {$/", "language": "JavaScript", "kind": "function", "signature": "(index)", "scope": "App", "scopeKind": "function"}, {"_type": "tag", "name": "isBoardFull", "path": "/home/kavia/workspace/code-generation/tic-tac-toe-classic-52826-52835/frontend_tic_tac_toe/src/App.js", "pattern": "/^function isBoardFull(squares) {$/", "language": "JavaScript", "kind": "function", "signature": "(squares)"}, {"_type": "tag", "name": "restartGame", "path": "/home/kavia/workspace/code-generation/tic-tac-toe-classic-52826-52835/frontend_tic_tac_toe/src/App.js", "pattern": "/^  function restartGame({ keepScores = true } = {}) {$/", "language": "JavaScript", "kind": "function", "signature": "({ keepScores = true } = {})", "scope": "App", "scopeKind": "function"}, {"_type": "tag", "name": "ttt-status ${winner ? \"is-win\" : draw ? \"is-draw\" : \"\"}", "path": "/home/kavia/workspace/code-generation/tic-tac-toe-classic-52826-52835/frontend_tic_tac_toe/src/App.js", "pattern": "/^          className={`ttt-status ${winner ? \"is-win\" : draw ? \"is-draw\" : \"\"}`}$/", "language": "JavaScript", "kind": "field", "scope": "className", "scopeKind": "class"}], "hash": "015a3a73efcae67352f8eced944142da", "format-version": 4, "code-base-name": "frontend_tic_tac_toe", "filename": "frontend_tic_tac_toe/src/App.js", "fields": [{"name": "className={`ttt-status ${winner ? \"is-win\" : draw ? \"is-draw\" : \"\"}`}", "scope": "className", "scopeKind": "class", "description": "unavailable"}]}