{"is_source_file": false, "format": "", "description": "", "external_files": [], "external_methods": [], "published": [], "classes": [], "methods": [], "calls": [], "search-terms": [], "state": 2, "file_id": 1, "knowledge_revision": 15, "git_revision": "10172d90c083db971abffd52cc8e9f8feb1b4a2d", "hash": "168bf8ede75c18f275f6d5c9249de909", "format-version": 4, "code-base-name": "frontend_tic_tac_toe", "filename": "README.md", "revision_history": [{"15": "10172d90c083db971abffd52cc8e9f8feb1b4a2d"}]}